smiles,D,D_pred
O=[N+]([O-])N1[N+][N-]1,9.710244407142758,9.710244407142758
