smiles,D,D_pred
o1oo1,-4.084161648216816,-4.084161648216816
Cn1oo1,-4.094565232631391,-4.094565232631391
O1OSO1,-4.478465096528941,-4.478465096528941
c1ooc#1,-4.421027543492482,-4.421027543492482
N1N2N3OOC123,-3.778146354877815,-3.778146354877815
