smiles,D,D_pred
C1C23C4C2C143,12.273792672682566,12.273792672682566
C12C34C5C13C254,12.913990998278132,12.913990998278132
C1N2C3C14CC324,11.124052769734533,11.124052769734533
C1C23C4N2C143,11.167274926338752,11.167274926338752
C1C23CC12C3,10.886440799472672,10.886440799472672
C1C23C4N5C12C453,11.141413033389124,11.141413033389124
CC1C23C4N2C143,10.629357646739315,10.629357646739315
C1C2C3CC123,11.231498035367618,11.231498035367618
C1C23C4C5C12C453,12.567132384451948,12.567132384451948
