smiles,D,D_pred
BrP[PH]12[C]P[PH]13PC#CN23,10.630771360670192,10.630771360670192
