smiles,D,D_pred
c1cnc(N2CC2)nc1,-4.419278079742279,-4.419278079742279
