smiles,D,D_pred
CCOC,-4.41082590300295,-4.41082590300295
CCOCOC,-4.302328656163866,-4.302328656163866
COCOC,-4.494538212608039,-4.494538212608039
