smiles,D,D_pred
CCOC,-4.41082580866781,-4.41082580866781
