smiles,D,D_pred
CCOC,-4.4108258655739245,-4.4108258655739245
COCOC,-4.494538264276707,-4.494538264276707
