smiles,D,D_pred
CCOC,-4.4108258655739245,-4.4108258655739245
