smiles,D,D_pred
CCOC,-4.41082580866781,-4.41082580866781
c1cnc(N2CC2)nc1,-4.419278079742279,-4.419278079742279
