smiles,D,D_pred
COCOC,-4.494538264276707,-4.494538264276707
