smiles,D,D_pred
CCOCOC,-4.302328637042708,-4.302328637042708
CCOC,-4.41082580866781,-4.41082580866781
COCOC,-4.49453825488212,-4.49453825488212
