smiles,D,D_pred
CCOCOC,-4.302328656163866,-4.302328656163866
CCOC,-4.41082580866781,-4.41082580866781
COCOC,-4.494538212608039,-4.494538212608039
