smiles,D,D_pred
CCOC,-4.41082590300295,-4.41082590300295
CCOCOC,-4.302328656163866,-4.302328656163866
COCOC,-4.49453825488212,-4.49453825488212
