smiles,D,D_pred
CCOC,-4.41082580866781,-4.41082580866781
COCOC,-4.49453825488212,-4.49453825488212
