smiles,D,D_pred
o1oo1,-4.084161587714467,-4.084161587714467
