smiles,D,D_pred
N1N2N3OOC123,-3.7781464017383057,-3.7781464017383057
o1oo1,-4.084161794090491,-4.084161794090491
Cn1oo1,-4.094565101425811,-4.094565101425811
O1OSO1,-4.478465021589654,-4.478465021589654
