smiles,D,D_pred
CCOC,-4.4108257525606325,-4.4108257525606325
