smiles,D,D_pred
o1oo1,-4.084161648216816,-4.084161648216816
Cn1oo1,-4.094565232631391,-4.094565232631391
O1OSO1,-4.478465003178384,-4.478465003178384
o1os1,-4.075329897670054,-4.075329897670054
CCOC,-4.4108257525606325,-4.4108257525606325
