smiles,D,D_pred
CCOC,-4.410825771316064,-4.410825771316064
