smiles,D,D_pred
CCOC,-4.41082590300295,-4.41082590300295
