smiles,D,D_pred
o1oo1,-4.084161587714467,-4.084161587714467
Cn1oo1,-4.094565082304653,-4.094565082304653
CCOC,-4.410825771316064,-4.410825771316064
