smiles,D,D_pred
o1oo1,-4.084161587714467,-4.084161587714467
CCOC,-4.4108257525606325,-4.4108257525606325
