smiles,D,D_pred
C1C23C4C2C143,12.273792894697117,12.273792894697117
C12C34C5C13C254,12.913990721862536,12.913990721862536
C1C2C3CC123,11.23149816187332,11.23149816187332
C12C34C5C16C23C546,12.030927449324857,12.030927449324857
C1C23C4C5C12C453,12.567132164830326,12.567132164830326
C1C23C4N2C143,11.167274779504964,11.167274779504964
