smiles,D,D_pred
O1C2N3OC123,9.939196965896713,9.939196965896713
O=[N+]1ON2OC(F)N1N2[O-],9.58838468670604,9.58838468670604
o1n2on12,10.283340877792735,10.283340877792735
Nn1n2on12,9.558164467802664,9.558164467802664
