smiles,D,D_pred
o1n2on12,10.28334099123406,10.28334099123406
