smiles,D,D_pred
O1C2N3OC123,9.939196934688718,9.939196934688718
