smiles,D,D_pred
N1C23OC12O3,9.65259757186169,9.65259757186169
