smiles,D,D_pred
O=[N+]1ON2OC(F)N1N2[O-],9.58838468670604,9.58838468670604
