smiles,D,D_pred
o1n2on12,10.283341021419892,10.283341021419892
O1C2N3OC123,9.939196934688718,9.939196934688718
O=[N+]1ON2OC(F)N1N2[O-],9.588384657298098,9.588384657298098
Nn1n2on12,9.558164524536648,9.558164524536648
