smiles,D,D_pred
O=[N+]1ON2OC(F)N1N2[O-],9.588384629180847,9.588384629180847
